rank,number,background,body,hat,accessory,score
1,933,24.244,35.5,41.417,41.417,142.578
2,601,17.75,32.065,47.333,41.417,138.565
3,68,20.286,41.417,47.333,29.235,138.271
4,479,23.667,39.76,47.333,26.158,136.918
5,754,24.244,41.417,41.417,29.235,136.313
6,142,20.708,35.5,47.333,32.065,135.606
7,724,20.708,39.76,47.333,27.611,135.412
8,354,22.089,36.815,36.815,38.231,133.95
9,171,17.75,34.276,47.333,34.276,133.635
10,592,22.089,38.231,33.133,39.76,133.213
11,739,18.755,39.76,33.133,41.417,133.065
12,1,17.138,30.121,47.333,38.231,132.823
13,82,17.75,32.065,41.417,41.417,132.649
14,947,24.244,33.133,36.815,38.231,132.423
15,119,18.407,24.85,47.333,41.417,132.007
16,242,23.667,41.417,28.4,38.231,131.715
17,614,19.115,39.76,34.276,38.231,131.382
18,359,17.138,35.5,47.333,31.062,131.033
19,16,20.708,41.417,30.121,38.231,130.477
20,748,18.755,32.065,47.333,32.065,130.218
21,225,20.708,31.062,47.333,31.062,130.165
22,319,22.089,35.5,41.417,31.062,130.068
23,830,18.755,39.76,30.121,41.417,130.053
24,126,18.407,25.487,47.333,38.231,129.458
25,25,19.115,34.276,47.333,28.4,129.124
26,906,19.115,34.276,34.276,41.417,129.084
27,736,20.286,30.121,47.333,31.062,128.802
28,688,20.708,27.611,47.333,33.133,128.785
29,96,22.089,32.065,33.133,41.417,128.704
30,369,19.115,30.121,47.333,32.065,128.634
31,401,17.75,30.121,47.333,33.133,128.337
32,770,23.667,33.133,33.133,38.231,128.164
33,179,20.708,39.76,26.158,41.417,128.043
34,206,23.667,36.815,29.235,38.231,127.948
35,222,19.49,41.417,25.487,41.417,127.811
36,896,21.149,36.815,28.4,41.417,127.781
37,841,18.755,41.417,26.158,41.417,127.747
38,622,20.708,35.5,30.121,41.417,127.746
39,694,22.089,34.276,33.133,38.231,127.729
40,9,24.244,41.417,23.667,38.231,127.559
41,123,22.089,41.417,24.244,39.76,127.51
42,950,23.667,33.133,41.417,29.235,127.452
43,636,19.115,35.5,47.333,25.487,127.435
44,939,22.089,29.235,47.333,28.4,127.057
45,548,20.286,32.065,33.133,41.417,126.901
46,167,19.115,29.235,47.333,31.062,126.745
47,723,20.708,39.76,24.85,41.417,126.735
48,50,17.138,32.065,47.333,30.121,126.657
49,339,17.75,41.417,27.611,39.76,126.538
50,761,17.75,29.235,47.333,32.065,126.383
51,928,18.407,32.065,47.333,28.4,126.205
52,780,20.286,32.065,41.417,32.065,125.833
53,410,22.089,30.121,32.065,41.417,125.692
54,187,20.708,29.235,41.417,34.276,125.636
55,909,19.49,30.121,47.333,28.4,125.344
56,865,20.286,29.235,47.333,28.4,125.254
57,17,18.407,31.062,47.333,28.4,125.202
58,477,18.407,30.121,47.333,29.235,125.096
59,253,22.089,41.417,28.4,33.133,125.039
60,458,20.286,41.417,30.121,33.133,124.957
61,238,19.49,35.5,36.815,33.133,124.938
62,231,19.115,31.062,33.133,41.417,124.727
63,631,23.667,41.417,28.4,31.062,124.546
64,133,20.286,36.815,27.611,39.76,124.472
65,282,19.49,29.235,47.333,28.4,124.458
66,954,20.708,25.487,36.815,41.417,124.427
67,796,20.286,28.4,34.276,41.417,124.379
68,699,19.115,36.815,30.121,38.231,124.282
69,396,17.75,41.417,26.865,38.231,124.263
70,786,17.138,38.231,36.815,32.065,124.249
71,227,24.244,41.417,30.121,28.4,124.182
72,235,22.089,29.235,47.333,25.487,124.144
73,291,19.49,38.231,32.065,34.276,124.062
74,859,19.115,32.065,47.333,25.487,124
75,938,20.286,24.244,47.333,32.065,123.928
76,252,19.49,39.76,24.85,39.76,123.86
77,315,20.708,22.591,47.333,33.133,123.765
78,727,21.149,30.121,41.417,31.062,123.749
79,299,20.286,38.231,23.667,41.417,123.601
80,584,18.755,31.062,41.417,32.065,123.299
81,400,23.667,29.235,32.065,38.231,123.198
82,507,20.708,32.065,32.065,38.231,123.069
83,616,22.089,31.062,30.121,39.76,123.032
84,794,22.089,34.276,28.4,38.231,122.996
85,412,17.75,38.231,41.417,25.487,122.885
86,425,17.138,33.133,34.276,38.231,122.778
87,37,19.49,28.4,33.133,41.417,122.44
88,975,19.49,30.121,47.333,25.487,122.431
89,390,19.115,29.235,34.276,39.76,122.386
90,600,23.667,28.4,32.065,38.231,122.363
91,128,18.755,30.121,41.417,32.065,122.358
92,833,24.244,30.121,36.815,31.062,122.242
93,34,19.49,30.121,34.276,38.231,122.118
94,18,21.149,39.76,30.121,31.062,122.092
95,905,18.755,27.611,34.276,41.417,122.059
96,528,19.115,25.487,47.333,30.121,122.056
97,271,22.089,32.065,36.815,31.062,122.031
98,325,19.49,32.065,47.333,23.116,122.004
99,295,23.667,24.85,32.065,41.417,121.999
100,340,23.667,33.133,33.133,32.065,121.998
101,332,23.667,29.235,27.611,41.417,121.93
102,150,20.708,34.276,25.487,41.417,121.888
103,41,21.149,35.5,32.065,33.133,121.847
104,670,17.138,30.121,33.133,41.417,121.809
105,304,23.667,25.487,34.276,38.231,121.661
106,907,18.407,24.85,47.333,31.062,121.652
107,576,20.286,38.231,32.065,31.062,121.644
108,732,24.244,35.5,23.667,38.231,121.642
109,523,19.49,29.235,33.133,39.76,121.618
110,273,17.75,35.5,26.865,41.417,121.532
111,312,17.75,35.5,28.4,39.76,121.41
112,382,18.755,38.231,34.276,30.121,121.383
113,877,19.49,28.4,47.333,26.158,121.381
114,428,20.286,32.065,41.417,27.611,121.379
115,211,23.667,30.121,26.158,41.417,121.363
116,161,18.407,25.487,47.333,30.121,121.348
117,234,20.708,34.276,34.276,32.065,121.325
118,772,19.49,29.235,41.417,31.062,121.204
119,301,23.667,30.121,33.133,34.276,121.197
120,307,17.75,38.231,33.133,32.065,121.179
121,536,19.49,30.121,30.121,41.417,121.149
122,381,19.115,36.815,32.065,33.133,121.128
123,89,17.75,27.611,41.417,34.276,121.054
124,130,18.407,41.417,30.121,31.062,121.007
125,555,23.667,33.133,33.133,31.062,120.995
126,976,17.138,29.235,33.133,41.417,120.923
127,229,20.286,34.276,34.276,32.065,120.903
128,418,18.755,33.133,29.235,39.76,120.883
129,4,24.244,32.065,41.417,23.116,120.842
130,138,22.089,38.231,34.276,26.158,120.754
131,698,23.667,31.062,26.158,39.76,120.647
132,573,19.49,27.611,47.333,26.158,120.592
133,707,19.115,33.133,26.865,41.417,120.53
134,776,20.286,35.5,41.417,23.116,120.319
135,618,21.149,38.231,33.133,27.611,120.124
136,612,19.49,29.235,33.133,38.231,120.089
137,85,19.49,35.5,26.865,38.231,120.086
138,429,19.49,36.815,25.487,38.231,120.023
139,353,19.115,30.121,41.417,29.235,119.888
140,76,24.244,33.133,24.244,38.231,119.852
141,183,19.115,41.417,33.133,26.158,119.823
142,366,22.089,31.062,28.4,38.231,119.782
143,961,20.286,32.065,33.133,34.276,119.76
144,680,20.286,34.276,33.133,32.065,119.76
145,48,17.75,32.065,47.333,22.591,119.739
146,70,18.407,32.065,41.417,27.611,119.5
147,610,23.667,39.76,28.4,27.611,119.438
148,482,19.49,41.417,28.4,30.121,119.428
149,181,19.49,28.4,33.133,38.231,119.254
150,328,17.75,30.121,33.133,38.231,119.235
151,49,22.089,35.5,28.4,33.133,119.122
152,408,23.667,35.5,34.276,25.487,118.93
153,651,18.755,27.611,31.062,41.417,118.845
154,228,17.75,36.815,33.133,31.062,118.76
155,437,21.149,30.121,29.235,38.231,118.736
156,848,22.089,29.235,33.133,34.276,118.733
157,621,23.667,36.815,26.158,32.065,118.705
158,888,23.667,23.667,33.133,38.231,118.698
159,485,19.49,29.235,36.815,33.133,118.673
160,64,19.115,32.065,27.611,39.76,118.551
161,516,22.089,30.121,33.133,33.133,118.476
162,843,23.667,35.5,26.158,33.133,118.458
163,713,22.089,32.065,33.133,31.062,118.349
164,335,17.75,33.133,33.133,34.276,118.292
165,12,24.244,35.5,30.121,28.4,118.265
166,266,19.115,29.235,30.121,39.76,118.231
167,773,22.089,25.487,41.417,29.235,118.228
168,590,23.667,30.121,26.158,38.231,118.177
169,970,22.089,39.76,24.244,32.065,118.158
170,558,19.49,34.276,26.158,38.231,118.155
171,613,19.115,35.5,34.276,29.235,118.126
172,190,23.667,28.4,36.815,29.235,118.117
173,308,23.667,29.235,32.065,33.133,118.1
174,811,23.667,30.121,33.133,31.062,117.983
175,120,19.49,39.76,27.611,31.062,117.923
176,487,24.244,38.231,29.235,26.158,117.868
177,511,24.244,29.235,26.158,38.231,117.868
178,378,17.75,38.231,27.611,34.276,117.868
179,650,24.244,28.4,33.133,32.065,117.842
180,221,24.244,32.065,28.4,33.133,117.842
181,940,18.407,24.85,33.133,41.417,117.807
182,646,20.286,29.235,26.865,41.417,117.803
183,738,17.75,24.244,34.276,41.417,117.687
184,554,19.115,38.231,29.235,31.062,117.643
185,53,24.244,30.121,33.133,30.121,117.619
186,39,20.708,38.231,27.611,31.062,117.612
187,261,19.115,35.5,36.815,26.158,117.588
188,551,21.149,30.121,33.133,33.133,117.536
189,604,19.115,32.065,32.065,34.276,117.521
190,80,21.149,32.065,33.133,31.062,117.409
191,175,20.286,29.235,36.815,31.062,117.398
192,470,22.089,33.133,31.062,31.062,117.346
193,217,22.089,31.062,31.062,33.133,117.346
194,852,20.286,30.121,41.417,25.487,117.311
195,454,22.089,31.062,32.065,32.065,117.281
196,904,19.115,38.231,36.815,23.116,117.277
197,344,19.115,36.815,30.121,31.062,117.113
198,51,17.75,34.276,23.667,41.417,117.11
199,486,23.667,29.235,33.133,31.062,117.097
200,226,19.115,35.5,24.244,38.231,117.09
201,767,22.089,35.5,36.815,22.591,116.995
202,233,17.75,24.244,47.333,27.611,116.938
203,971,19.49,29.235,28.4,39.76,116.885
204,606,22.089,24.85,30.121,39.76,116.82
205,992,17.75,39.76,33.133,26.158,116.801
206,753,17.75,30.121,36.815,32.065,116.751
207,630,20.286,30.121,32.065,34.276,116.748
208,984,24.244,30.121,33.133,29.235,116.733
209,869,17.75,25.487,32.065,41.417,116.719
210,608,17.75,36.815,31.062,31.062,116.689
211,824,20.286,30.121,24.85,41.417,116.674
212,358,24.244,29.235,32.065,31.062,116.606
213,79,19.49,36.815,31.062,29.235,116.602
214,815,19.49,24.244,47.333,25.487,116.554
215,898,17.138,31.062,30.121,38.231,116.552
216,8,22.089,32.065,33.133,29.235,116.522
217,964,22.089,29.235,33.133,32.065,116.522
218,274,21.149,30.121,33.133,32.065,116.468
219,162,17.75,32.065,26.865,39.76,116.44
220,329,21.149,32.065,32.065,31.062,116.341
221,860,22.089,31.062,32.065,31.062,116.278
222,21,22.089,41.417,30.121,22.591,116.218
223,363,19.49,35.5,30.121,31.062,116.173
224,97,19.115,39.76,26.158,31.062,116.095
225,972,17.75,30.121,28.4,39.76,116.031
226,792,23.667,30.121,30.121,32.065,115.974
227,403,21.149,35.5,33.133,26.158,115.94
228,960,17.138,24.244,33.133,41.417,115.932
229,991,23.667,24.85,33.133,34.276,115.926
230,373,19.49,30.121,33.133,33.133,115.877
231,416,19.115,38.231,29.235,29.235,115.816
232,383,20.286,29.235,33.133,33.133,115.787
233,166,19.115,29.235,34.276,33.133,115.759
234,413,19.49,31.062,33.133,32.065,115.75
235,57,20.286,30.121,34.276,31.062,115.745
236,436,19.115,39.76,29.235,27.611,115.721
237,371,18.407,25.487,32.065,39.76,115.719
238,300,19.49,30.121,26.158,39.76,115.529
239,652,23.667,27.611,33.133,31.062,115.473
240,932,17.75,30.121,26.158,41.417,115.446
241,219,19.49,38.231,28.4,29.235,115.356
242,14,23.667,24.244,34.276,33.133,115.32
243,758,20.286,38.231,28.4,28.4,115.317
244,673,18.407,29.235,26.158,41.417,115.217
245,331,19.115,32.065,41.417,22.591,115.188
246,623,19.49,31.062,24.85,39.76,115.162
247,478,18.755,30.121,33.133,33.133,115.142
248,95,18.755,30.121,33.133,33.133,115.142
249,880,20.708,35.5,26.865,32.065,115.138
250,705,19.115,28.4,26.158,41.417,115.09
251,73,22.089,27.611,34.276,31.062,115.038
252,575,20.708,30.121,31.062,33.133,115.024
253,473,24.244,35.5,26.865,28.4,115.009
254,100,19.49,32.065,23.667,39.76,114.982
255,77,19.49,36.815,27.611,31.062,114.978
256,185,18.755,23.667,34.276,38.231,114.929
257,104,23.667,38.231,26.865,26.158,114.921
258,94,20.708,32.065,31.062,31.062,114.897
259,483,17.75,22.591,41.417,33.133,114.891
260,269,19.49,32.065,33.133,30.121,114.809
261,951,18.407,24.85,30.121,41.417,114.795
262,514,23.667,29.235,34.276,27.611,114.789
263,962,17.75,41.417,30.121,25.487,114.775
264,648,19.49,31.062,33.133,31.062,114.747
265,297,20.708,36.815,31.062,26.158,114.743
266,330,17.138,38.231,30.121,29.235,114.725
267,764,19.49,30.121,26.865,38.231,114.707
268,840,20.708,27.611,32.065,34.276,114.66
269,81,19.49,29.235,26.158,39.76,114.643
270,198,19.49,38.231,24.85,32.065,114.636
271,495,19.115,35.5,26.865,33.133,114.613
272,368,22.089,35.5,26.865,30.121,114.575
273,244,17.138,35.5,23.667,38.231,114.536
274,675,19.49,36.815,26.158,32.065,114.528
275,352,18.755,35.5,30.121,30.121,114.497
276,78,18.407,39.76,24.244,32.065,114.476
277,685,20.286,35.5,27.611,31.062,114.459
278,946,19.115,32.065,33.133,30.121,114.434
279,6,20.286,35.5,33.133,25.487,114.406
280,706,23.667,32.065,27.611,31.062,114.405
281,494,21.149,30.121,32.065,31.062,114.397
282,147,21.149,30.121,31.062,32.065,114.397
283,969,19.49,35.5,29.235,30.121,114.346
284,292,17.75,36.815,34.276,25.487,114.328
285,720,18.407,39.76,26.865,29.235,114.267
286,405,18.755,29.235,33.133,33.133,114.256
287,303,23.667,23.667,25.487,41.417,114.238
288,11,23.667,33.133,34.276,23.116,114.192
289,210,18.407,24.244,30.121,41.417,114.189
290,508,24.244,36.815,25.487,27.611,114.157
291,690,19.49,33.133,33.133,28.4,114.156
292,967,22.089,36.815,27.611,27.611,114.126
293,596,17.138,38.231,27.611,31.062,114.042
294,223,18.755,35.5,34.276,25.487,114.018
295,180,20.708,32.065,26.865,34.276,113.914
296,855,18.407,35.5,26.865,33.133,113.905
297,375,22.089,33.133,27.611,31.062,113.895
298,415,19.49,30.121,33.133,31.062,113.806
299,28,18.755,33.133,23.667,38.231,113.786
300,966,22.089,28.4,30.121,33.133,113.743
301,787,22.089,30.121,33.133,28.4,113.743
302,321,17.138,41.417,32.065,23.116,113.736
303,173,20.286,29.235,33.133,31.062,113.716
304,871,22.089,29.235,29.235,33.133,113.692
305,293,23.667,27.611,29.235,33.133,113.646
306,365,23.667,29.235,33.133,27.611,113.646
307,870,19.115,25.487,27.611,41.417,113.63
308,993,19.49,22.591,30.121,41.417,113.619
309,311,20.286,30.121,31.062,32.065,113.534
310,676,19.49,36.815,26.158,31.062,113.525
311,90,22.089,29.235,30.121,32.065,113.51
312,585,20.708,38.231,28.4,26.158,113.497
313,356,19.115,32.065,32.065,30.121,113.366
314,743,23.667,25.487,33.133,31.062,113.349
315,839,19.49,31.062,34.276,28.4,113.228
316,236,18.755,35.5,26.865,32.065,113.185
317,121,18.407,36.815,26.865,31.062,113.149
318,270,19.49,30.121,34.276,29.235,113.122
319,466,23.667,30.121,33.133,26.158,113.079
320,712,20.708,32.065,29.235,31.062,113.07
321,169,19.115,32.065,34.276,27.611,113.067
322,476,17.75,36.815,29.235,29.235,113.035
323,817,18.755,32.065,30.121,32.065,113.006
324,709,19.49,35.5,23.667,34.276,112.933
325,452,21.149,32.065,32.065,27.611,112.89
326,679,19.49,32.065,29.235,32.065,112.855
327,434,19.115,31.062,28.4,34.276,112.853
328,809,17.75,41.417,31.062,22.591,112.82
329,821,21.149,30.121,33.133,28.4,112.803
330,118,20.286,32.065,34.276,26.158,112.785
331,111,20.286,29.235,33.133,30.121,112.775
332,249,19.115,28.4,25.487,39.76,112.762
333,284,17.138,24.244,33.133,38.231,112.746
334,200,24.244,24.244,33.133,31.062,112.683
335,342,19.115,33.133,34.276,26.158,112.682
336,531,23.667,31.062,26.865,31.062,112.656
337,545,19.115,35.5,24.85,33.133,112.598
338,484,19.49,30.121,36.815,26.158,112.584
339,99,23.667,28.4,32.065,28.4,112.532
340,742,23.667,22.591,33.133,33.133,112.524
341,782,17.138,39.76,30.121,25.487,112.506
342,633,20.708,24.85,36.815,30.121,112.494
343,444,22.089,32.065,32.065,26.158,112.377
344,844,19.115,30.121,32.065,31.062,112.363
345,538,19.115,30.121,32.065,31.062,112.363
346,901,24.244,32.065,27.611,28.4,112.32
347,762,20.286,30.121,23.667,38.231,112.305
348,900,20.286,30.121,34.276,27.611,112.294
349,757,23.667,29.235,29.235,30.121,112.258
350,164,17.138,22.591,34.276,38.231,112.236
351,875,19.115,30.121,36.815,26.158,112.209
352,697,23.667,33.133,26.158,29.235,112.193
353,845,17.75,32.065,33.133,29.235,112.183
354,420,24.244,22.591,34.276,31.062,112.173
355,530,17.75,39.76,32.065,22.591,112.166
356,424,24.244,29.235,25.487,33.133,112.099
357,867,20.286,35.5,24.244,32.065,112.095
358,23,20.286,27.611,33.133,31.062,112.092
359,580,17.75,41.417,23.667,29.235,112.069
360,214,23.667,35.5,23.667,29.235,112.069
361,829,17.75,30.121,33.133,31.062,112.066
362,347,24.244,32.065,23.667,32.065,112.041
363,942,20.286,32.065,27.611,32.065,112.027
364,145,21.149,38.231,24.244,28.4,112.024
365,411,19.49,32.065,32.065,28.4,112.02
366,159,19.115,34.276,33.133,25.487,112.011
367,696,20.708,23.667,41.417,26.158,111.95
368,535,20.286,30.121,33.133,28.4,111.94
369,322,22.089,36.815,26.865,26.158,111.927
370,682,22.089,30.121,27.611,32.065,111.886
371,941,19.115,34.276,29.235,29.235,111.861
372,170,23.667,25.487,34.276,28.4,111.83
373,56,20.286,28.4,31.062,32.065,111.813
374,586,19.115,23.667,27.611,41.417,111.81
375,725,19.115,29.235,23.667,39.76,111.777
376,518,22.089,29.235,26.158,34.276,111.758
377,116,22.089,34.276,29.235,26.158,111.758
378,876,23.667,34.276,23.667,30.121,111.731
379,461,23.667,27.611,34.276,26.158,111.712
380,674,21.149,30.121,26.158,34.276,111.704
381,595,22.089,30.121,28.4,31.062,111.672
382,277,19.115,32.065,32.065,28.4,111.645
383,874,24.244,32.065,24.244,31.062,111.615
384,279,19.115,29.235,30.121,33.133,111.604
385,783,18.407,31.062,31.062,31.062,111.593
386,360,24.244,30.121,26.158,31.062,111.585
387,453,24.244,32.065,26.865,28.4,111.574
388,894,17.138,39.76,32.065,22.591,111.554
389,884,23.667,30.121,27.611,30.121,111.52
390,643,23.667,30.121,30.121,27.611,111.52
391,846,20.286,35.5,33.133,22.591,111.51
392,467,23.667,35.5,26.158,26.158,111.483
393,525,23.667,25.487,36.815,25.487,111.456
394,963,19.115,30.121,30.121,32.065,111.422
395,659,19.115,30.121,30.121,32.065,111.422
396,248,19.49,29.235,34.276,28.4,111.401
397,176,23.667,32.065,30.121,25.487,111.34
398,599,19.49,24.244,41.417,26.158,111.309
399,446,17.75,38.231,24.244,31.062,111.287
400,895,18.407,39.76,27.611,25.487,111.265
401,645,20.708,29.235,29.235,32.065,111.243
402,814,19.115,39.76,26.158,26.158,111.191
403,83,21.149,23.667,34.276,32.065,111.157
404,398,20.286,30.121,33.133,27.611,111.151
405,109,19.49,28.4,30.121,33.133,111.144
406,856,23.667,29.235,32.065,26.158,111.125
407,574,17.75,29.235,32.065,32.065,111.115
408,805,20.286,35.5,24.244,31.062,111.092
409,504,19.115,28.4,29.235,34.276,111.026
410,785,18.755,31.062,30.121,31.062,111
411,734,22.089,27.611,32.065,29.235,111
412,247,17.75,32.065,30.121,31.062,110.998
413,791,17.75,24.244,29.235,39.76,110.989
414,22,19.49,22.591,36.815,32.065,110.961
415,644,19.115,27.611,33.133,31.062,110.921
416,510,18.407,30.121,29.235,33.133,110.896
417,710,22.089,27.611,30.121,31.062,110.883
418,32,21.149,29.235,34.276,26.158,110.818
419,31,18.407,41.417,28.4,22.591,110.815
420,700,23.667,30.121,26.865,30.121,110.774
421,534,23.667,28.4,27.611,31.062,110.74
422,637,21.149,28.4,30.121,31.062,110.732
423,87,21.149,30.121,31.062,28.4,110.732
424,781,22.089,30.121,30.121,28.4,110.731
425,693,22.089,30.121,30.121,28.4,110.731
426,760,17.75,35.5,34.276,23.116,110.642
427,812,19.115,32.065,28.4,31.062,110.642
428,858,19.115,31.062,32.065,28.4,110.642
429,603,23.667,24.85,31.062,31.062,110.641
430,459,19.115,35.5,27.611,28.4,110.626
431,842,19.49,29.235,23.667,38.231,110.623
432,917,22.089,29.235,33.133,26.158,110.615
433,310,19.49,24.85,33.133,33.133,110.606
434,800,21.149,30.121,33.133,26.158,110.561
435,275,17.75,32.065,27.611,33.133,110.559
436,945,17.75,30.121,28.4,34.276,110.547
437,916,17.138,24.85,34.276,34.276,110.54
438,567,23.667,28.4,29.235,29.235,110.537
439,84,19.115,29.235,30.121,32.065,110.536
440,956,22.089,22.591,27.611,38.231,110.522
441,591,23.667,32.065,23.667,31.062,110.461
442,520,20.708,31.062,27.611,31.062,110.443
443,177,18.755,33.133,30.121,28.4,110.409
444,980,21.149,24.85,30.121,34.276,110.396
445,20,17.138,32.065,30.121,31.062,110.386
446,818,19.49,35.5,29.235,26.158,110.383
447,448,19.49,39.76,24.85,26.158,110.258
448,489,17.75,34.276,32.065,26.158,110.249
449,756,23.667,32.065,26.865,27.611,110.208
450,908,18.755,30.121,32.065,29.235,110.176
451,774,19.115,33.133,26.865,31.062,110.175
452,911,20.286,25.487,30.121,34.276,110.17
453,609,22.089,34.276,27.611,26.158,110.134
454,438,19.49,36.815,27.611,26.158,110.074
455,258,18.755,30.121,31.062,30.121,110.059
456,925,19.49,30.121,34.276,26.158,110.045
457,419,19.49,30.121,26.158,34.276,110.045
458,914,19.115,30.121,27.611,33.133,109.98
459,990,19.49,30.121,31.062,29.235,109.908
460,634,19.49,29.235,30.121,31.062,109.908
461,189,19.49,30.121,29.235,31.062,109.908
462,318,20.286,32.065,32.065,25.487,109.903
463,664,18.755,34.276,34.276,22.591,109.898
464,105,19.115,32.065,27.611,31.062,109.853
465,638,22.089,29.235,30.121,28.4,109.845
466,409,20.286,34.276,26.865,28.4,109.827
467,589,23.667,24.85,29.235,32.065,109.817
468,958,19.49,24.244,36.815,29.235,109.784
469,789,22.089,28.4,26.158,33.133,109.78
470,798,19.49,32.065,32.065,26.158,109.778
471,677,19.49,32.065,32.065,26.158,109.778
472,115,19.49,32.065,26.158,32.065,109.778
473,67,23.667,28.4,29.235,28.4,109.702
474,994,19.115,27.611,36.815,26.158,109.699
475,143,20.286,30.121,33.133,26.158,109.698
476,13,20.286,30.121,33.133,26.158,109.698
477,550,20.286,35.5,28.4,25.487,109.673
478,683,22.089,36.815,27.611,23.116,109.631
479,578,19.115,24.244,33.133,33.133,109.625
480,721,17.138,39.76,30.121,22.591,109.61
481,455,19.49,32.065,24.85,33.133,109.538
482,298,18.755,29.235,33.133,28.4,109.523
483,831,21.149,30.121,26.158,32.065,109.493
484,151,19.115,34.276,26.865,29.235,109.491
485,692,22.089,38.231,23.667,25.487,109.474
486,140,21.149,31.062,26.158,31.062,109.431
487,668,17.75,30.121,28.4,33.133,109.404
488,667,19.115,34.276,28.4,27.611,109.402
489,209,17.75,29.235,33.133,29.235,109.353
490,86,23.667,22.591,24.85,38.231,109.339
491,549,23.667,31.062,26.158,28.4,109.287
492,902,17.75,32.065,28.4,31.062,109.277
493,42,17.138,35.5,31.062,25.487,109.187
494,472,17.75,29.235,30.121,32.065,109.171
495,506,19.49,29.235,34.276,26.158,109.159
496,878,20.286,22.591,33.133,33.133,109.143
497,598,19.115,32.065,26.865,31.062,109.107
498,2,23.667,24.244,30.121,31.062,109.094
499,986,18.407,32.065,33.133,25.487,109.092
500,571,19.49,30.121,28.4,31.062,109.073
501,730,19.49,24.244,31.062,34.276,109.072
502,195,20.286,25.487,30.121,33.133,109.027
503,75,22.089,30.121,23.667,33.133,109.01
504,107,23.667,29.235,26.865,29.235,109.002
505,577,18.407,30.121,34.276,26.158,108.962
506,695,17.138,27.611,33.133,31.062,108.944
507,98,18.407,29.235,29.235,32.065,108.942
508,913,19.49,24.244,33.133,32.065,108.932
509,572,20.286,22.591,36.815,29.235,108.927
510,752,23.667,28.4,27.611,29.235,108.913
511,471,19.115,30.121,27.611,32.065,108.912
512,427,19.115,30.121,27.611,32.065,108.912
513,890,20.286,32.065,25.487,31.062,108.9
514,172,22.089,29.235,32.065,25.487,108.876
515,501,19.115,36.815,23.667,29.235,108.832
516,468,20.286,29.235,33.133,26.158,108.812
517,35,22.089,22.591,32.065,32.065,108.81
518,43,19.115,29.235,34.276,26.158,108.784
519,135,23.667,32.065,26.865,26.158,108.755
520,687,19.49,24.85,26.158,38.231,108.729
521,750,19.115,39.76,23.667,26.158,108.7
522,653,19.115,31.062,30.121,28.4,108.698
523,361,21.149,30.121,34.276,23.116,108.662
524,836,19.49,27.611,28.4,33.133,108.634
525,445,20.286,30.121,26.158,32.065,108.63
526,431,19.115,24.244,33.133,32.065,108.557
527,192,19.115,24.244,33.133,32.065,108.557
528,949,22.089,29.235,31.062,26.158,108.544
529,314,19.49,30.121,26.865,32.065,108.541
530,232,19.49,33.133,24.85,31.062,108.535
531,374,20.708,35.5,26.158,26.158,108.524
532,863,22.089,30.121,24.244,32.065,108.519
533,886,23.667,30.121,23.667,31.062,108.517
534,882,23.667,23.667,30.121,31.062,108.517
535,213,20.708,29.235,30.121,28.4,108.464
536,422,20.286,29.235,26.865,32.065,108.451
537,822,19.49,23.667,36.815,28.4,108.372
538,224,17.138,35.5,23.667,32.065,108.37
539,540,24.244,22.591,28.4,33.133,108.368
540,735,19.115,29.235,26.865,33.133,108.348
541,443,17.75,24.244,34.276,32.065,108.335
542,920,19.49,34.276,28.4,26.158,108.324
543,55,22.089,30.121,26.865,29.235,108.31
544,989,17.75,30.121,34.276,26.158,108.305
545,245,17.75,30.121,34.276,26.158,108.305
546,215,19.49,30.121,27.611,31.062,108.284
547,522,17.138,24.85,33.133,33.133,108.254
548,289,22.089,33.133,26.865,26.158,108.245
549,155,18.407,36.815,26.865,26.158,108.245
550,968,22.089,29.235,24.85,32.065,108.239
551,474,20.286,29.235,27.611,31.062,108.194
552,205,18.755,33.133,30.121,26.158,108.167
553,605,18.755,35.5,28.4,25.487,108.142
554,283,20.286,29.235,33.133,25.487,108.141
555,660,21.149,30.121,34.276,22.591,108.137
556,475,19.49,22.591,36.815,29.235,108.131
557,280,19.115,31.062,23.667,34.276,108.12
558,729,17.75,30.121,30.121,30.121,108.113
559,564,17.75,30.121,30.121,30.121,108.113
560,27,20.286,32.065,23.667,32.065,108.083
561,539,19.49,30.121,29.235,29.235,108.081
562,362,19.49,29.235,30.121,29.235,108.081
563,899,18.407,29.235,34.276,26.158,108.076
564,955,23.667,32.065,26.158,26.158,108.048
565,442,17.75,34.276,27.611,28.4,108.037
566,163,19.115,29.235,32.065,27.611,108.026
567,711,19.49,29.235,33.133,26.158,108.016
568,701,19.115,30.121,27.611,31.062,107.909
569,977,20.286,35.5,23.667,28.4,107.853
570,502,19.49,32.065,30.121,26.158,107.834
571,66,17.75,30.121,36.815,23.116,107.802
572,647,24.244,24.244,33.133,26.158,107.779
573,802,19.115,30.121,30.121,28.4,107.757
574,678,20.286,24.244,31.062,32.065,107.657
575,430,19.49,29.235,26.865,32.065,107.655
576,866,19.115,29.235,26.158,33.133,107.641
577,376,19.115,29.235,26.158,33.133,107.641
578,505,23.667,29.235,25.487,29.235,107.624
579,747,24.244,22.591,27.611,33.133,107.579
580,625,20.708,29.235,28.4,29.235,107.578
581,891,23.667,30.121,27.611,26.158,107.557
582,208,19.49,23.667,30.121,34.276,107.554
583,193,19.49,23.667,26.158,38.231,107.546
584,144,19.49,32.065,24.85,31.062,107.467
585,92,23.667,29.235,26.158,28.4,107.46
586,995,19.115,30.121,32.065,26.158,107.459
587,499,19.115,32.065,30.121,26.158,107.459
588,480,19.115,32.065,30.121,26.158,107.459
589,835,20.286,29.235,26.865,31.062,107.448
590,708,22.089,35.5,23.667,26.158,107.414
591,267,22.089,32.065,30.121,23.116,107.391
592,268,24.244,25.487,28.4,29.235,107.366
593,263,20.286,31.062,27.611,28.4,107.359
594,868,17.75,28.4,30.121,31.062,107.333
595,391,20.708,32.065,26.158,28.4,107.331
596,136,18.755,24.244,33.133,31.062,107.194
597,218,19.49,28.4,33.133,26.158,107.181
598,978,19.49,41.417,23.667,22.591,107.165
599,959,17.75,30.121,33.133,26.158,107.162
600,784,20.708,30.121,30.121,26.158,107.108
601,152,18.407,30.121,30.121,28.4,107.049
602,689,23.667,30.121,24.85,28.4,107.038
603,553,19.115,29.235,31.062,27.611,107.023
604,974,17.138,25.487,26.158,38.231,107.014
605,337,18.407,24.85,25.487,38.231,106.975
606,851,20.286,32.065,28.4,26.158,106.909
607,611,21.149,30.121,30.121,25.487,106.878
608,350,19.115,29.235,30.121,28.4,106.871
609,628,19.115,24.244,34.276,29.235,106.87
610,364,20.708,33.133,26.865,26.158,106.864
611,500,19.49,33.133,31.062,23.116,106.801
612,317,23.667,30.121,23.667,29.235,106.69
613,124,23.667,29.235,27.611,26.158,106.671
614,216,21.149,30.121,26.158,29.235,106.663
615,795,24.244,33.133,26.158,23.116,106.651
616,639,18.407,35.5,30.121,22.591,106.619
617,101,17.75,23.667,33.133,32.065,106.615
618,684,19.115,30.121,24.244,33.133,106.613
619,127,18.755,24.85,36.815,26.158,106.578
620,731,22.089,24.244,30.121,30.121,106.575
621,309,18.407,29.235,26.865,32.065,106.572
622,33,19.49,31.062,27.611,28.4,106.563
623,715,17.75,30.121,27.611,31.062,106.544
624,983,21.149,30.121,26.865,28.4,106.535
625,582,19.49,24.85,32.065,30.121,106.526
626,779,17.75,30.121,33.133,25.487,106.491
627,570,19.115,30.121,26.158,31.062,106.456
628,460,17.75,31.062,28.4,29.235,106.447
629,15,17.75,29.235,28.4,31.062,106.447
630,421,23.667,24.244,30.121,28.4,106.432
631,69,20.286,30.121,27.611,28.4,106.418
632,139,24.244,24.244,26.865,31.062,106.415
633,759,19.49,30.121,28.4,28.4,106.411
634,559,18.407,24.85,32.065,31.062,106.384
635,449,20.286,29.235,23.667,33.133,106.321
636,716,20.286,30.121,24.85,31.062,106.319
637,387,20.286,24.85,30.121,31.062,106.319
638,665,17.75,24.244,33.133,31.062,106.189
639,671,19.115,27.611,28.4,31.062,106.188
640,186,19.49,30.121,31.062,25.487,106.16
641,251,17.75,33.133,26.865,28.4,106.148
642,451,20.708,30.121,24.244,31.062,106.135
643,379,21.149,32.065,23.667,29.235,106.116
644,788,17.75,32.065,30.121,26.158,106.094
645,771,20.286,30.121,30.121,25.487,106.015
646,204,20.286,30.121,25.487,30.121,106.015
647,488,20.708,32.065,30.121,23.116,106.01
648,552,21.149,27.611,26.158,31.062,105.98
649,722,20.708,22.591,34.276,28.4,105.975
650,861,19.49,29.235,26.158,31.062,105.945
651,106,19.49,30.121,24.244,32.065,105.92
652,481,22.089,29.235,28.4,26.158,105.882
653,148,22.089,29.235,26.158,28.4,105.882
654,469,19.49,34.276,23.667,28.4,105.833
655,346,19.115,30.121,25.487,31.062,105.785
656,336,21.149,29.235,26.158,29.235,105.777
657,199,20.286,29.235,33.133,23.116,105.77
658,498,18.407,30.121,26.158,31.062,105.748
659,849,19.115,29.235,34.276,23.116,105.742
660,334,22.089,24.244,36.815,22.591,105.739
661,117,19.115,32.065,28.4,26.158,105.738
662,656,19.115,29.235,24.244,33.133,105.727
663,881,23.667,22.591,28.4,31.062,105.72
664,496,19.49,30.121,26.865,29.235,105.711
665,457,19.49,30.121,26.865,29.235,105.711
666,125,22.089,30.121,24.244,29.235,105.689
667,168,20.708,29.235,23.667,32.065,105.675
668,59,22.089,35.5,25.487,22.591,105.667
669,194,17.138,29.235,33.133,26.158,105.664
670,392,20.286,29.235,26.865,29.235,105.621
671,464,19.115,24.244,30.121,32.065,105.545
672,808,18.755,29.235,25.487,32.065,105.542
673,826,17.138,33.133,26.865,28.4,105.536
674,512,20.286,29.235,27.611,28.4,105.532
675,385,19.115,24.85,33.133,28.4,105.498
676,717,19.115,24.244,31.062,31.062,105.483
677,281,19.115,34.276,23.667,28.4,105.458
678,230,19.49,25.487,34.276,26.158,105.411
679,607,19.115,27.611,27.611,31.062,105.399
680,54,19.49,23.667,32.065,30.121,105.343
681,71,21.149,22.591,33.133,28.4,105.273
682,988,20.286,29.235,23.667,32.065,105.253
683,285,18.755,35.5,28.4,22.591,105.246
684,897,20.708,29.235,26.865,28.4,105.208
685,569,19.115,36.815,26.158,23.116,105.204
686,165,19.115,29.235,27.611,29.235,105.196
687,799,20.286,30.121,29.235,25.487,105.129
688,524,20.708,29.235,32.065,23.116,105.124
689,847,22.089,22.591,34.276,26.158,105.114
690,769,17.75,30.121,31.062,26.158,105.091
691,873,18.407,30.121,25.487,31.062,105.077
692,985,19.115,25.487,28.4,32.065,105.067
693,426,20.286,33.133,25.487,26.158,105.064
694,450,22.089,28.4,28.4,26.158,105.047
695,182,17.75,27.611,27.611,32.065,105.037
696,333,22.089,24.244,27.611,31.062,105.006
697,260,19.49,29.235,30.121,26.158,105.004
698,29,20.286,28.4,30.121,26.158,104.965
699,188,19.115,32.065,27.611,26.158,104.949
700,74,21.149,29.235,26.158,28.4,104.942
701,395,23.667,25.487,33.133,22.591,104.878
702,290,18.407,31.062,26.158,29.235,104.862
703,517,22.089,24.244,30.121,28.4,104.854
704,241,20.708,24.85,33.133,26.158,104.849
705,778,19.115,30.121,25.487,30.121,104.844
706,751,19.115,30.121,30.121,25.487,104.844
707,447,19.49,30.121,27.611,27.611,104.833
708,389,18.755,29.235,28.4,28.4,104.79
709,922,24.244,30.121,24.244,26.158,104.767
710,243,17.75,29.235,30.121,27.611,104.717
711,744,18.755,34.276,25.487,26.158,104.676
712,433,19.115,32.065,24.244,29.235,104.659
713,60,19.115,24.244,32.065,29.235,104.659
714,265,19.115,30.121,29.235,26.158,104.629
715,629,18.755,30.121,23.667,32.065,104.608
716,889,20.708,30.121,26.158,27.611,104.598
717,930,22.089,24.244,32.065,26.158,104.556
718,521,18.407,23.667,24.244,38.231,104.549
719,532,19.115,30.121,24.244,31.062,104.542
720,441,23.667,30.121,27.611,23.116,104.515
721,777,19.115,30.121,26.865,28.4,104.501
722,65,20.286,30.121,24.85,29.235,104.492
723,790,19.49,23.667,32.065,29.235,104.457
724,348,18.407,29.235,28.4,28.4,104.442
725,681,19.115,28.4,24.85,32.065,104.43
726,649,17.138,27.611,27.611,32.065,104.425
727,102,17.75,30.121,31.062,25.487,104.42
728,929,20.286,32.065,23.667,28.4,104.418
729,921,22.089,25.487,28.4,28.4,104.376
730,278,17.75,28.4,26.158,32.065,104.373
731,0,19.49,23.667,30.121,31.062,104.34
732,287,19.49,29.235,25.487,30.121,104.333
733,965,20.286,30.121,28.4,25.487,104.294
734,923,18.407,23.667,30.121,32.065,104.26
735,937,17.75,35.5,24.85,26.158,104.258
736,380,20.708,24.244,33.133,26.158,104.243
737,666,24.244,30.121,23.667,26.158,104.19
738,207,24.244,30.121,23.667,26.158,104.19
739,160,18.755,30.121,24.244,31.062,104.182
740,394,24.244,30.121,24.244,25.487,104.096
741,47,24.244,24.244,30.121,25.487,104.096
742,414,19.115,29.235,23.667,32.065,104.082
743,239,19.115,25.487,28.4,31.062,104.064
744,26,19.115,25.487,28.4,31.062,104.064
745,246,17.138,30.121,28.4,28.4,104.059
746,627,22.089,22.591,30.121,29.235,104.036
747,316,18.407,31.062,26.158,28.4,104.027
748,493,17.75,27.611,33.133,25.487,103.981
749,979,19.49,34.276,27.611,22.591,103.968
750,819,18.755,23.667,33.133,28.4,103.955
751,662,17.138,22.591,33.133,31.062,103.924
752,240,17.75,30.121,28.4,27.611,103.882
753,944,19.115,24.244,28.4,32.065,103.824
754,237,23.667,32.065,25.487,22.591,103.81
755,149,19.115,30.121,26.158,28.4,103.794
756,440,17.75,30.121,24.85,31.062,103.783
757,661,17.138,28.4,26.158,32.065,103.761
758,853,17.138,32.065,26.865,27.611,103.679
759,919,19.115,22.591,23.667,38.231,103.604
760,810,19.115,22.591,23.667,38.231,103.604
761,672,22.089,25.487,27.611,28.4,103.587
762,122,18.755,32.065,24.244,28.4,103.464
763,828,18.755,30.121,28.4,26.158,103.434
764,862,19.49,30.121,27.611,26.158,103.38
765,302,19.49,30.121,27.611,26.158,103.38
766,619,20.286,22.591,32.065,28.4,103.342
767,202,17.75,24.244,32.065,29.235,103.294
768,948,19.49,29.235,26.158,28.4,103.283
769,657,17.138,28.4,29.235,28.4,103.173
770,755,20.708,30.121,26.158,26.158,103.145
771,114,22.089,23.667,24.244,33.133,103.133
772,655,17.75,34.276,24.85,26.158,103.034
773,615,19.115,29.235,32.065,22.591,103.006
774,372,19.115,30.121,27.611,26.158,103.005
775,491,17.138,24.244,33.133,28.4,102.915
776,174,17.75,32.065,25.487,27.611,102.913
777,191,17.75,29.235,24.85,31.062,102.897
778,345,20.286,23.667,26.865,32.065,102.883
779,718,17.138,30.121,25.487,30.121,102.867
780,349,19.115,32.065,25.487,26.158,102.825
781,44,18.407,32.065,26.158,26.158,102.788
782,686,20.286,30.121,29.235,23.116,102.758
783,981,17.75,24.244,33.133,27.611,102.738
784,306,17.75,25.487,28.4,31.062,102.699
785,404,20.286,24.85,25.487,32.065,102.688
786,565,19.49,29.235,28.4,25.487,102.612
787,158,22.089,24.244,30.121,26.158,102.612
788,892,17.75,30.121,25.487,29.235,102.593
789,926,19.49,22.591,28.4,32.065,102.546
790,544,18.407,22.591,33.133,28.4,102.531
791,259,19.115,30.121,24.85,28.4,102.486
792,807,19.49,33.133,23.667,26.158,102.448
793,503,17.138,29.235,28.4,27.611,102.384
794,669,24.244,24.244,28.4,25.487,102.375
795,93,21.149,23.667,32.065,25.487,102.368
796,640,19.49,24.244,25.487,33.133,102.354
797,952,24.244,24.244,27.611,26.158,102.257
798,7,19.115,23.667,31.062,28.4,102.244
799,745,17.75,24.244,30.121,30.121,102.236
800,854,22.089,22.591,32.065,25.487,102.232
801,492,19.115,24.85,32.065,26.158,102.188
802,741,20.708,24.244,31.062,26.158,102.172
803,432,18.755,23.667,27.611,32.065,102.098
804,201,22.089,29.235,27.611,23.116,102.051
805,62,17.138,30.121,29.235,25.487,101.981
806,324,19.49,24.244,26.158,32.065,101.957
807,338,17.75,29.235,24.85,30.121,101.956
808,141,17.138,23.667,26.865,34.276,101.946
809,3,21.149,23.667,26.865,30.121,101.802
810,264,18.755,30.121,23.667,29.235,101.778
811,737,19.49,23.667,33.133,25.487,101.777
812,272,19.49,23.667,33.133,25.487,101.777
813,212,22.089,27.611,23.667,28.4,101.767
814,45,18.755,29.235,27.611,26.158,101.759
815,927,19.49,23.667,30.121,28.4,101.678
816,583,21.149,24.244,33.133,23.116,101.642
817,36,18.407,27.611,30.121,25.487,101.626
818,793,21.149,30.121,24.85,25.487,101.607
819,527,20.708,23.667,31.062,26.158,101.595
820,626,20.286,29.235,23.667,28.4,101.588
821,435,17.75,29.235,26.158,28.4,101.543
822,931,17.75,30.121,31.062,22.591,101.524
823,820,18.755,24.244,28.4,30.121,101.52
824,864,20.286,32.065,23.667,25.487,101.505
825,872,19.115,22.591,25.487,34.276,101.469
826,620,19.115,25.487,29.235,27.611,101.448
827,568,19.115,29.235,27.611,25.487,101.448
828,463,21.149,25.487,23.667,31.062,101.365
829,560,19.115,24.244,24.85,33.133,101.342
830,714,20.286,24.244,23.667,33.133,101.33
831,857,19.115,30.121,23.667,28.4,101.303
832,197,17.75,34.276,26.158,23.116,101.3
833,837,19.115,24.244,26.865,31.062,101.286
834,635,17.138,28.4,33.133,22.591,101.262
835,542,21.149,33.133,24.244,22.591,101.117
836,775,17.75,32.065,23.667,27.611,101.093
837,203,19.49,29.235,26.865,25.487,101.077
838,351,19.49,29.235,26.158,26.158,101.041
839,108,18.755,29.235,26.865,26.158,101.013
840,943,19.49,32.065,26.865,22.591,101.011
841,178,21.149,30.121,24.244,25.487,101.001
842,768,22.089,22.591,30.121,26.158,100.959
843,624,19.49,28.4,26.865,26.158,100.913
844,766,18.407,32.065,24.244,26.158,100.874
845,38,19.49,27.611,26.158,27.611,100.87
846,704,20.286,24.85,23.667,32.065,100.868
847,377,19.115,25.487,33.133,23.116,100.851
848,132,19.49,29.235,23.667,28.4,100.792
849,91,17.75,22.591,34.276,26.158,100.775
850,934,17.75,30.121,23.667,29.235,100.773
851,384,18.407,29.235,27.611,25.487,100.74
852,838,19.115,29.235,26.865,25.487,100.702
853,393,19.115,22.591,26.865,32.065,100.636
854,515,21.149,24.244,27.611,27.611,100.615
855,61,19.115,31.062,24.244,26.158,100.579
856,355,17.138,23.667,34.276,25.487,100.568
857,509,19.115,28.4,26.865,26.158,100.538
858,728,17.75,24.244,30.121,28.4,100.515
859,288,20.286,24.244,24.85,31.062,100.442
860,343,19.115,29.235,23.667,28.4,100.417
861,526,19.49,29.235,26.158,25.487,100.37
862,46,17.75,23.667,26.865,32.065,100.347
863,803,17.75,24.85,27.611,30.121,100.332
864,726,20.286,25.487,26.158,28.4,100.331
865,593,22.089,23.667,26.158,28.4,100.314
866,156,19.49,24.244,31.062,25.487,100.283
867,740,23.667,29.235,24.244,23.116,100.262
868,885,19.115,30.121,28.4,22.591,100.227
869,702,17.138,24.85,32.065,26.158,100.211
870,556,19.115,30.121,25.487,25.487,100.21
871,157,18.755,28.4,26.865,26.158,100.178
872,850,20.708,24.244,27.611,27.611,100.174
873,276,20.286,24.244,30.121,25.487,100.138
874,663,22.089,24.85,27.611,25.487,100.037
875,513,19.49,24.244,30.121,26.158,100.013
876,456,18.755,32.065,23.667,25.487,99.974
877,113,19.49,30.121,24.85,25.487,99.948
878,386,17.75,27.611,28.4,26.158,99.919
879,879,17.138,24.244,30.121,28.4,99.903
880,887,21.149,25.487,26.865,26.158,99.659
881,918,18.755,31.062,23.667,26.158,99.642
882,827,19.115,30.121,24.244,26.158,99.638
883,529,19.49,22.591,32.065,25.487,99.633
884,129,18.407,25.487,33.133,22.591,99.618
885,825,17.138,29.235,30.121,23.116,99.61
886,602,17.138,30.121,26.158,26.158,99.575
887,912,18.755,24.244,25.487,31.062,99.548
888,834,18.407,30.121,28.4,22.591,99.519
889,813,18.407,30.121,28.4,22.591,99.519
890,804,17.75,30.121,25.487,26.158,99.516
891,541,17.75,30.121,26.158,25.487,99.516
892,537,17.75,30.121,25.487,26.158,99.516
893,832,19.49,24.244,33.133,22.591,99.458
894,746,19.115,27.611,30.121,22.591,99.438
895,566,17.138,29.235,26.865,26.158,99.396
896,399,19.115,24.244,28.4,27.611,99.37
897,370,18.407,27.611,24.85,28.4,99.268
898,72,19.49,23.667,26.865,29.235,99.257
899,588,22.089,24.244,23.667,29.235,99.235
900,561,20.286,23.667,32.065,23.116,99.134
901,305,19.49,29.235,24.85,25.487,99.062
902,58,17.75,29.235,23.667,28.4,99.052
903,953,19.49,25.487,25.487,28.4,98.864
904,490,22.089,27.611,23.667,25.487,98.854
905,557,23.667,28.4,23.667,23.116,98.85
906,749,19.115,30.121,26.865,22.591,98.692
907,63,20.286,23.667,29.235,25.487,98.675
908,184,17.138,27.611,28.4,25.487,98.636
909,562,19.49,29.235,23.667,26.158,98.55
910,546,19.49,29.235,23.667,26.158,98.55
911,910,19.115,28.4,24.85,26.158,98.523
912,327,19.115,24.85,28.4,26.158,98.523
913,439,19.115,30.121,26.158,23.116,98.51
914,883,24.244,24.244,26.865,23.116,98.469
915,367,19.115,27.611,25.487,26.158,98.371
916,294,18.407,30.121,23.667,26.158,98.353
917,256,19.49,23.667,32.065,23.116,98.338
918,357,17.75,23.667,24.85,32.065,98.332
919,110,20.286,27.611,24.244,26.158,98.299
920,658,17.75,27.611,23.667,29.235,98.263
921,547,18.755,22.591,27.611,29.235,98.192
922,594,20.708,24.244,25.487,27.611,98.05
923,654,21.149,24.244,24.244,28.4,98.037
924,563,18.755,30.121,23.667,25.487,98.03
925,533,18.755,30.121,23.667,25.487,98.03
926,326,18.755,30.121,23.667,25.487,98.03
927,250,17.138,30.121,27.611,23.116,97.986
928,765,19.49,23.667,23.667,31.062,97.886
929,797,17.75,24.85,26.865,28.4,97.865
930,462,19.115,24.85,28.4,25.487,97.852
931,497,20.286,30.121,24.85,22.591,97.848
932,254,20.286,30.121,24.85,22.591,97.848
933,719,19.49,22.591,33.133,22.591,97.805
934,320,20.286,30.121,24.244,23.116,97.767
935,733,17.75,22.591,34.276,23.116,97.733
936,703,18.407,30.121,23.667,25.487,97.682
937,823,17.138,22.591,26.865,31.062,97.656
938,406,18.755,30.121,26.158,22.591,97.625
939,88,20.286,29.235,25.487,22.591,97.599
940,262,19.49,30.121,24.85,23.116,97.577
941,973,19.49,24.244,27.611,26.158,97.503
942,407,20.286,22.591,28.4,26.158,97.435
943,816,17.75,24.244,26.158,29.235,97.387
944,423,18.407,25.487,24.85,28.4,97.144
945,388,18.407,24.85,28.4,25.487,97.144
946,40,17.138,30.121,23.667,26.158,97.084
947,30,17.138,30.121,23.667,26.158,97.084
948,146,19.49,27.611,26.865,23.116,97.082
949,935,17.75,30.121,23.667,25.487,97.025
950,632,21.149,22.591,30.121,23.116,96.977
951,982,17.75,29.235,26.865,23.116,96.966
952,341,19.115,28.4,23.667,25.487,96.669
953,112,17.75,24.244,32.065,22.591,96.65
954,103,17.138,23.667,23.667,32.065,96.537
955,519,17.138,30.121,26.158,23.116,96.533
956,936,17.75,25.487,24.85,28.4,96.487
957,691,20.286,23.667,26.158,26.158,96.269
958,543,17.75,25.487,26.865,26.158,96.26
959,597,17.75,24.85,24.244,29.235,96.079
960,893,19.49,24.244,26.158,26.158,96.05
961,131,19.115,27.611,26.158,23.116,96
962,581,19.49,22.591,28.4,25.487,95.968
963,801,18.755,25.487,25.487,26.158,95.887
964,587,17.75,25.487,24.244,28.4,95.881
965,924,19.115,23.667,26.865,26.158,95.805
966,296,21.149,24.244,24.244,26.158,95.795
967,313,20.286,25.487,23.667,26.158,95.598
968,641,19.49,29.235,24.244,22.591,95.56
969,417,19.49,24.85,24.85,26.158,95.348
970,957,19.49,22.591,24.85,28.4,95.331
971,323,19.49,22.591,30.121,23.116,95.318
972,5,17.138,24.85,24.85,28.4,95.238
973,24,19.115,25.487,24.85,25.487,94.939
974,642,19.49,24.244,25.487,25.487,94.708
975,402,20.708,24.244,24.244,25.487,94.683
976,915,19.49,22.591,26.865,25.487,94.433
977,220,17.75,23.667,23.667,29.235,94.319
978,987,17.75,22.591,25.487,28.4,94.228
979,196,19.115,24.85,23.667,26.158,93.79
980,153,19.115,22.591,23.667,28.4,93.773
981,255,19.115,24.244,24.244,26.158,93.761
982,10,19.49,24.244,23.667,26.158,93.559
983,257,17.138,24.85,23.667,27.611,93.266
984,903,19.115,24.244,23.667,26.158,93.184
985,154,19.115,23.667,24.244,26.158,93.184
986,137,19.115,24.244,23.667,26.158,93.184
987,579,17.138,24.244,25.487,26.158,93.027
988,617,22.089,24.244,23.667,22.591,92.591
989,52,17.138,24.85,27.611,22.591,92.19
990,134,17.138,24.244,26.865,23.116,91.363
991,286,18.407,25.487,24.85,22.591,91.335
992,397,17.138,24.244,26.158,22.591,90.131
993,465,18.407,24.85,23.667,23.116,90.04
994,806,17.75,24.85,24.244,22.591,89.435
